USE MESOCYCLE_PLANNER;

START TRANSACTION;

CREATE TEMPORARY TABLE raw_exercise_import (
  raw_exercise_import_id INT AUTO_INCREMENT PRIMARY KEY,
  name VARCHAR(150) NOT NULL,
  equipment_name VARCHAR(150) NOT NULL,
  muscle_group_name VARCHAR(50) NOT NULL
);

INSERT IGNORE INTO equipment (name)
VALUES
  ('assisted'),
  ('band'),
  ('barbell'),
  ('body weight'),
  ('bosu ball'),
  ('cable'),
  ('dumbbell'),
  ('elliptical machine'),
  ('ez barbell'),
  ('hammer'),
  ('kettlebell'),
  ('leverage machine'),
  ('medicine ball'),
  ('olympic barbell'),
  ('resistance band'),
  ('roller'),
  ('rope'),
  ('skierg machine'),
  ('sled machine'),
  ('smith machine'),
  ('stability ball'),
  ('stationary bike'),
  ('stepmill machine'),
  ('tire'),
  ('trap bar'),
  ('upper body ergometer'),
  ('weighted'),
  ('wheel roller');

INSERT IGNORE INTO muscle_group (name)
VALUES
  ('back'),
  ('cardio'),
  ('chest'),
  ('lower arms'),
  ('lower legs'),
  ('neck'),
  ('shoulders'),
  ('upper arms'),
  ('upper legs'),
  ('waist');

INSERT INTO raw_exercise_import (name, equipment_name, muscle_group_name)
VALUES
  ('3/4 sit-up', 'body weight', 'waist'),
  ('45° side bend', 'body weight', 'waist'),
  ('air bike', 'body weight', 'waist'),
  ('all fours squad stretch', 'body weight', 'upper legs'),
  ('alternate heel touchers', 'body weight', 'waist'),
  ('alternate lateral pulldown', 'cable', 'back'),
  ('ankle circles', 'body weight', 'lower legs'),
  ('archer pull up', 'body weight', 'back'),
  ('archer push up', 'body weight', 'chest'),
  ('arm slingers hanging bent knee legs', 'body weight', 'waist'),
  ('arm slingers hanging straight legs', 'body weight', 'waist'),
  ('arms apart circular toe touch (male)', 'body weight', 'upper legs'),
  ('arms overhead full sit-up (male)', 'body weight', 'waist'),
  ('assisted chest dip (kneeling)', 'leverage machine', 'chest'),
  ('assisted hanging knee raise', 'assisted', 'waist'),
  ('assisted hanging knee raise with throw down', 'assisted', 'waist'),
  ('assisted lying calves stretch', 'assisted', 'lower legs'),
  ('assisted lying glutes stretch', 'assisted', 'upper legs'),
  ('assisted lying gluteus and piriformis stretch', 'assisted', 'upper legs'),
  ('assisted lying leg raise with lateral throw down', 'assisted', 'waist'),
  ('assisted lying leg raise with throw down', 'assisted', 'waist'),
  ('assisted motion russian twist', 'medicine ball', 'waist'),
  ('assisted parallel close grip pull-up', 'leverage machine', 'back'),
  ('assisted prone hamstring', 'assisted', 'upper legs'),
  ('assisted prone lying quads stretch', 'assisted', 'upper legs'),
  ('assisted prone rectus femoris stretch', 'assisted', 'waist'),
  ('assisted pull-up', 'leverage machine', 'back'),
  ('assisted seated pectoralis major stretch with stability ball', 'assisted', 'chest'),
  ('assisted side lying adductor stretch', 'assisted', 'upper legs'),
  ('assisted sit-up', 'assisted', 'waist'),
  ('assisted standing chin-up', 'leverage machine', 'back'),
  ('assisted standing pull-up', 'leverage machine', 'back'),
  ('assisted standing triceps extension (with towel)', 'assisted', 'upper arms'),
  ('assisted triceps dip (kneeling)', 'leverage machine', 'upper arms'),
  ('assisted wide-grip chest dip (kneeling)', 'leverage machine', 'chest'),
  ('astride jumps (male)', 'body weight', 'cardio'),
  ('back and forth step', 'body weight', 'cardio'),
  ('back extension on exercise ball', 'stability ball', 'back'),
  ('back lever', 'body weight', 'back'),
  ('back pec stretch', 'body weight', 'back'),
  ('backward jump', 'body weight', 'upper legs'),
  ('balance board', 'body weight', 'upper legs'),
  ('band alternating biceps curl', 'band', 'upper arms'),
  ('band alternating v-up', 'band', 'waist'),
  ('band assisted pull-up', 'band', 'back'),
  ('band assisted wheel rollerout', 'band', 'waist'),
  ('band bench press', 'band', 'chest'),
  ('band bent-over hip extension', 'band', 'upper legs'),
  ('band bicycle crunch', 'band', 'waist'),
  ('band close-grip pulldown', 'band', 'back'),
  ('band close-grip push-up', 'band', 'upper arms'),
  ('band concentration curl', 'band', 'upper arms'),
  ('band fixed back close grip pulldown', 'band', 'back'),
  ('band fixed back underhand pulldown', 'band', 'back'),
  ('band front lateral raise', 'band', 'shoulders'),
  ('band front raise', 'band', 'shoulders'),
  ('band hip lift', 'band', 'upper legs'),
  ('band horizontal pallof press', 'band', 'waist'),
  ('band jack knife sit-up', 'band', 'waist'),
  ('band kneeling one arm pulldown', 'band', 'back'),
  ('band kneeling twisting crunch', 'band', 'waist'),
  ('band lying hip internal rotation', 'band', 'upper legs'),
  ('band lying straight leg raise', 'band', 'waist'),
  ('band one arm overhead biceps curl', 'band', 'upper arms'),
  ('band one arm single leg split squat', 'band', 'upper legs'),
  ('band one arm standing low row', 'band', 'back'),
  ('band one arm twisting chest press', 'band', 'chest'),
  ('band one arm twisting seated row', 'band', 'back'),
  ('band pull through', 'band', 'upper legs'),
  ('band push sit-up', 'band', 'waist'),
  ('band reverse fly', 'band', 'shoulders'),
  ('band reverse wrist curl', 'band', 'lower arms'),
  ('band seated hip internal rotation', 'band', 'upper legs'),
  ('band seated twist', 'band', 'waist'),
  ('band shoulder press', 'band', 'shoulders'),
  ('band shrug', 'band', 'back'),
  ('band side triceps extension', 'band', 'upper arms'),
  ('band single leg calf raise', 'band', 'lower legs'),
  ('band single leg reverse calf raise', 'band', 'lower legs'),
  ('band single leg split squat', 'band', 'upper legs'),
  ('band squat', 'band', 'upper legs'),
  ('band squat row', 'band', 'upper legs'),
  ('band standing crunch', 'band', 'waist'),
  ('band standing rear delt row', 'band', 'shoulders'),
  ('band standing twisting crunch', 'band', 'waist'),
  ('band step-up', 'band', 'upper legs'),
  ('band stiff leg deadlift', 'band', 'upper legs'),
  ('band straight back stiff leg deadlift', 'band', 'upper legs'),
  ('band straight leg deadlift', 'band', 'back'),
  ('band twisting overhead press', 'band', 'shoulders'),
  ('band two legs calf raise - (band under both legs) v. 2', 'band', 'lower legs'),
  ('band underhand pulldown', 'band', 'back'),
  ('band v-up', 'band', 'waist'),
  ('band vertical pallof press', 'band', 'waist'),
  ('band wrist curl', 'band', 'lower arms'),
  ('band y-raise', 'band', 'shoulders'),
  ('barbell alternate biceps curl', 'barbell', 'upper arms'),
  ('barbell bench front squat', 'barbell', 'upper legs'),
  ('barbell bench press', 'barbell', 'chest'),
  ('barbell bench squat', 'barbell', 'upper legs'),
  ('barbell bent arm pullover', 'barbell', 'back'),
  ('barbell bent over row', 'barbell', 'back'),
  ('barbell biceps curl (with arm blaster)', 'barbell', 'upper arms'),
  ('barbell clean and press', 'barbell', 'upper legs'),
  ('barbell clean-grip front squat', 'barbell', 'upper legs'),
  ('barbell close-grip bench press', 'barbell', 'upper arms'),
  ('barbell curl', 'barbell', 'upper arms'),
  ('barbell deadlift', 'barbell', 'upper legs'),
  ('barbell decline bench press', 'barbell', 'chest'),
  ('barbell decline bent arm pullover', 'barbell', 'back'),
  ('barbell decline close grip to skull press', 'barbell', 'upper arms'),
  ('barbell decline pullover', 'barbell', 'chest'),
  ('barbell decline wide-grip press', 'barbell', 'chest'),
  ('barbell decline wide-grip pullover', 'barbell', 'back'),
  ('barbell drag curl', 'barbell', 'upper arms'),
  ('barbell floor calf raise', 'barbell', 'lower legs'),
  ('barbell front chest squat', 'barbell', 'upper legs'),
  ('barbell front raise', 'barbell', 'shoulders'),
  ('barbell front raise and pullover', 'barbell', 'chest'),
  ('barbell front squat', 'barbell', 'upper legs'),
  ('barbell full squat', 'barbell', 'upper legs'),
  ('barbell full squat (back pov)', 'barbell', 'upper legs'),
  ('barbell full squat (side pov)', 'barbell', 'upper legs'),
  ('barbell full zercher squat', 'barbell', 'upper legs'),
  ('barbell glute bridge', 'barbell', 'upper legs'),
  ('barbell glute bridge two legs on bench (male)', 'barbell', 'upper legs'),
  ('barbell good morning', 'barbell', 'upper legs'),
  ('barbell guillotine bench press', 'barbell', 'chest'),
  ('barbell hack squat', 'barbell', 'upper legs'),
  ('barbell high bar squat', 'barbell', 'upper legs'),
  ('barbell incline bench press', 'barbell', 'chest'),
  ('barbell incline close grip bench press', 'barbell', 'upper arms'),
  ('barbell incline reverse-grip press', 'barbell', 'upper arms'),
  ('barbell incline row', 'barbell', 'back'),
  ('barbell incline shoulder raise', 'barbell', 'chest'),
  ('barbell jefferson squat', 'barbell', 'upper legs'),
  ('barbell jm bench press', 'barbell', 'upper arms'),
  ('barbell jump squat', 'barbell', 'upper legs'),
  ('barbell lateral lunge', 'barbell', 'upper legs'),
  ('barbell low bar squat', 'barbell', 'upper legs'),
  ('barbell lunge', 'barbell', 'upper legs'),
  ('barbell lying back of the head tricep extension', 'barbell', 'upper arms'),
  ('barbell lying close-grip press', 'barbell', 'upper arms'),
  ('barbell lying close-grip triceps extension', 'barbell', 'upper arms'),
  ('barbell lying extension', 'barbell', 'upper arms'),
  ('barbell lying lifting (on hip)', 'barbell', 'upper legs'),
  ('barbell lying preacher curl', 'barbell', 'upper arms'),
  ('barbell lying triceps extension', 'barbell', 'upper arms'),
  ('barbell lying triceps extension skull crusher', 'barbell', 'upper arms'),
  ('barbell narrow stance squat', 'barbell', 'upper legs'),
  ('barbell one arm bent over row', 'barbell', 'back'),
  ('barbell one arm floor press', 'barbell', 'upper arms'),
  ('barbell one arm side deadlift', 'barbell', 'upper legs'),
  ('barbell one arm snatch', 'barbell', 'shoulders'),
  ('barbell one leg squat', 'barbell', 'upper legs'),
  ('barbell overhead squat', 'barbell', 'upper legs'),
  ('barbell palms down wrist curl over a bench', 'barbell', 'lower arms'),
  ('barbell palms up wrist curl over a bench', 'barbell', 'lower arms'),
  ('barbell pendlay row', 'barbell', 'back'),
  ('barbell pin presses', 'barbell', 'upper arms'),
  ('barbell preacher curl', 'barbell', 'upper arms'),
  ('barbell press sit-up', 'barbell', 'waist'),
  ('barbell prone incline curl', 'barbell', 'upper arms'),
  ('barbell pullover', 'barbell', 'back'),
  ('barbell pullover to press', 'barbell', 'back'),
  ('barbell rack pull', 'barbell', 'upper legs'),
  ('barbell rear delt raise', 'barbell', 'shoulders'),
  ('barbell rear delt row', 'barbell', 'shoulders'),
  ('barbell rear lunge', 'barbell', 'upper legs'),
  ('barbell rear lunge v. 2', 'barbell', 'upper legs'),
  ('barbell revers wrist curl v. 2', 'barbell', 'lower arms'),
  ('barbell reverse close-grip bench press', 'barbell', 'upper arms'),
  ('barbell reverse curl', 'barbell', 'upper arms'),
  ('barbell reverse grip bent over row', 'barbell', 'back'),
  ('barbell reverse grip decline bench press', 'barbell', 'chest'),
  ('barbell reverse grip incline bench press', 'barbell', 'chest'),
  ('barbell reverse grip incline bench row', 'barbell', 'back'),
  ('barbell reverse grip skullcrusher', 'barbell', 'upper arms'),
  ('barbell reverse preacher curl', 'barbell', 'upper arms'),
  ('barbell reverse wrist curl', 'barbell', 'lower arms'),
  ('barbell rollerout', 'barbell', 'waist'),
  ('barbell rollerout from bench', 'barbell', 'waist'),
  ('barbell romanian deadlift', 'barbell', 'upper legs'),
  ('barbell seated behind head military press', 'barbell', 'shoulders'),
  ('barbell seated bradford rocky press', 'barbell', 'shoulders'),
  ('barbell seated calf raise', 'barbell', 'lower legs'),
  ('barbell seated calf raise', 'barbell', 'lower legs'),
  ('barbell seated close grip behind neck triceps extension', 'barbell', 'upper arms'),
  ('barbell seated close-grip concentration curl', 'barbell', 'upper arms'),
  ('barbell seated good morning', 'barbell', 'upper legs'),
  ('barbell seated overhead press', 'barbell', 'shoulders'),
  ('barbell seated overhead triceps extension', 'barbell', 'upper arms'),
  ('barbell seated twist', 'barbell', 'waist'),
  ('barbell shrug', 'barbell', 'back'),
  ('barbell side bent v. 2', 'barbell', 'waist'),
  ('barbell side split squat', 'barbell', 'upper legs'),
  ('barbell side split squat v. 2', 'barbell', 'upper legs'),
  ('barbell single leg deadlift', 'barbell', 'upper legs'),
  ('barbell single leg split squat', 'barbell', 'upper legs'),
  ('barbell sitted alternate leg raise', 'barbell', 'waist'),
  ('barbell sitted alternate leg raise (female)', 'barbell', 'waist'),
  ('barbell skier', 'barbell', 'shoulders'),
  ('barbell speed squat', 'barbell', 'upper legs'),
  ('barbell split squat v. 2', 'barbell', 'upper legs'),
  ('barbell squat (on knees)', 'barbell', 'upper legs'),
  ('barbell squat jump step rear lunge', 'barbell', 'upper legs'),
  ('barbell standing ab rollerout', 'barbell', 'waist'),
  ('barbell standing back wrist curl', 'barbell', 'lower arms'),
  ('barbell standing bradford press', 'barbell', 'shoulders'),
  ('barbell standing calf raise', 'barbell', 'lower legs'),
  ('barbell standing close grip curl', 'barbell', 'upper arms'),
  ('barbell standing close grip military press', 'barbell', 'shoulders'),
  ('barbell standing concentration curl', 'barbell', 'upper arms'),
  ('barbell standing front raise over head', 'barbell', 'shoulders'),
  ('barbell standing leg calf raise', 'barbell', 'lower legs'),
  ('barbell standing overhead triceps extension', 'barbell', 'upper arms'),
  ('barbell standing reverse grip curl', 'barbell', 'upper arms'),
  ('barbell standing rocking leg calf raise', 'barbell', 'lower legs'),
  ('barbell standing twist', 'barbell', 'waist'),
  ('barbell standing wide grip biceps curl', 'barbell', 'upper arms'),
  ('barbell standing wide military press', 'barbell', 'shoulders'),
  ('barbell standing wide-grip curl', 'barbell', 'upper arms'),
  ('barbell step-up', 'barbell', 'upper legs'),
  ('barbell stiff leg good morning', 'barbell', 'upper legs'),
  ('barbell straight leg deadlift', 'barbell', 'upper legs'),
  ('barbell sumo deadlift', 'barbell', 'upper legs'),
  ('barbell thruster', 'barbell', 'shoulders'),
  ('barbell upright row', 'barbell', 'shoulders'),
  ('barbell upright row v. 2', 'barbell', 'shoulders'),
  ('barbell upright row v. 3', 'barbell', 'shoulders'),
  ('barbell wide bench press', 'barbell', 'chest'),
  ('barbell wide reverse grip bench press', 'barbell', 'chest'),
  ('barbell wide squat', 'barbell', 'upper legs'),
  ('barbell wide-grip upright row', 'barbell', 'shoulders'),
  ('barbell wrist curl', 'barbell', 'lower arms'),
  ('barbell wrist curl v. 2', 'barbell', 'lower arms'),
  ('barbell zercher squat', 'barbell', 'upper legs'),
  ('basic toe touch (male)', 'body weight', 'upper legs'),
  ('battling ropes', 'rope', 'shoulders'),
  ('bear crawl', 'body weight', 'cardio'),
  ('behind head chest stretch', 'assisted', 'chest'),
  ('bench dip (knees bent)', 'body weight', 'upper arms'),
  ('bench dip on floor', 'body weight', 'upper arms'),
  ('bench hip extension', 'body weight', 'upper legs'),
  ('bench pull-ups', 'body weight', 'back'),
  ('bent knee lying twist (male)', 'body weight', 'upper legs'),
  ('biceps leg concentration curl', 'body weight', 'upper arms'),
  ('biceps narrow pull-ups', 'body weight', 'upper arms'),
  ('biceps pull-up', 'body weight', 'upper arms'),
  ('body-up', 'body weight', 'upper arms'),
  ('bodyweight drop jump squat', 'body weight', 'upper legs'),
  ('bodyweight incline side plank', 'body weight', 'waist'),
  ('bodyweight kneeling triceps extension', 'body weight', 'upper arms'),
  ('bodyweight side lying biceps curl', 'body weight', 'upper arms'),
  ('bodyweight squatting row', 'body weight', 'back'),
  ('bodyweight squatting row (with towel)', 'body weight', 'back'),
  ('bodyweight standing calf raise', 'body weight', 'lower legs'),
  ('bodyweight standing close-grip one arm row', 'body weight', 'back'),
  ('bodyweight standing close-grip row', 'body weight', 'back'),
  ('bodyweight standing one arm row', 'body weight', 'back'),
  ('bodyweight standing one arm row (with towel)', 'body weight', 'back'),
  ('bodyweight standing row', 'body weight', 'back'),
  ('bodyweight standing row (with towel)', 'body weight', 'back'),
  ('bottoms-up', 'body weight', 'waist'),
  ('box jump down with one leg stabilization', 'body weight', 'lower legs'),
  ('bridge - mountain climber (cross body)', 'body weight', 'waist'),
  ('burpee', 'body weight', 'cardio'),
  ('butt-ups', 'body weight', 'waist'),
  ('butterfly yoga pose', 'body weight', 'upper legs'),
  ('cable alternate shoulder press', 'cable', 'shoulders'),
  ('cable alternate triceps extension', 'cable', 'upper arms'),
  ('cable assisted inverse leg curl', 'cable', 'upper legs'),
  ('cable bar lateral pulldown', 'cable', 'back'),
  ('cable bench press', 'cable', 'chest'),
  ('cable close grip curl', 'cable', 'upper arms'),
  ('cable concentration curl', 'cable', 'upper arms'),
  ('cable concentration extension (on knee)', 'cable', 'upper arms'),
  ('cable cross-over lateral pulldown', 'cable', 'back'),
  ('cable cross-over revers fly', 'cable', 'shoulders'),
  ('cable cross-over variation', 'cable', 'chest'),
  ('cable curl', 'cable', 'upper arms'),
  ('cable deadlift', 'cable', 'upper legs'),
  ('cable decline fly', 'cable', 'chest'),
  ('cable decline one arm press', 'cable', 'chest'),
  ('cable decline press', 'cable', 'chest'),
  ('cable decline seated wide-grip row', 'cable', 'back'),
  ('cable drag curl', 'cable', 'upper arms'),
  ('cable floor seated wide-grip row', 'cable', 'back'),
  ('cable forward raise', 'cable', 'shoulders'),
  ('cable front raise', 'cable', 'shoulders'),
  ('cable front shoulder raise', 'cable', 'shoulders'),
  ('cable hammer curl (with rope)', 'cable', 'upper arms'),
  ('cable high pulley overhead tricep extension', 'cable', 'upper arms'),
  ('cable high row (kneeling)', 'cable', 'back'),
  ('cable hip adduction', 'cable', 'upper legs'),
  ('cable incline bench press', 'cable', 'chest'),
  ('cable incline bench row', 'cable', 'back'),
  ('cable incline fly', 'cable', 'chest'),
  ('cable incline fly (on stability ball)', 'cable', 'chest'),
  ('cable incline pushdown', 'cable', 'back'),
  ('cable incline triceps extension', 'cable', 'upper arms'),
  ('cable judo flip', 'cable', 'waist'),
  ('cable kickback', 'cable', 'upper arms'),
  ('cable kneeling crunch', 'cable', 'waist'),
  ('cable kneeling rear delt row (with rope) (male)', 'cable', 'shoulders'),
  ('cable kneeling triceps extension', 'cable', 'upper arms'),
  ('cable lat pulldown full range of motion', 'cable', 'back'),
  ('cable lateral pulldown (with rope attachment)', 'cable', 'back'),
  ('cable lateral pulldown with v-bar', 'cable', 'back'),
  ('cable lateral raise', 'cable', 'shoulders'),
  ('cable low fly', 'cable', 'chest'),
  ('cable low seated row', 'cable', 'back'),
  ('cable lying bicep curl', 'cable', 'upper arms'),
  ('cable lying close-grip curl', 'cable', 'upper arms'),
  ('cable lying extension pullover (with rope attachment)', 'cable', 'back'),
  ('cable lying fly', 'cable', 'chest'),
  ('cable lying triceps extension v. 2', 'cable', 'upper arms'),
  ('cable middle fly', 'cable', 'chest'),
  ('cable one arm bent over row', 'cable', 'back'),
  ('cable one arm curl', 'cable', 'upper arms'),
  ('cable one arm decline chest fly', 'cable', 'chest'),
  ('cable one arm fly on exercise ball', 'cable', 'chest'),
  ('cable one arm incline fly on exercise ball', 'cable', 'chest'),
  ('cable one arm incline press', 'cable', 'chest'),
  ('cable one arm incline press on exercise ball', 'cable', 'chest'),
  ('cable one arm lateral bent-over', 'cable', 'chest'),
  ('cable one arm lateral raise', 'cable', 'shoulders'),
  ('cable one arm preacher curl', 'cable', 'upper arms'),
  ('cable one arm press on exercise ball', 'cable', 'chest'),
  ('cable one arm pulldown', 'cable', 'back'),
  ('cable one arm reverse preacher curl', 'cable', 'upper arms'),
  ('cable one arm straight back high row (kneeling)', 'cable', 'back'),
  ('cable one arm tricep pushdown', 'cable', 'upper arms'),
  ('cable overhead curl', 'cable', 'upper arms'),
  ('cable overhead curl on exercise ball', 'cable', 'upper arms'),
  ('cable overhead triceps extension (rope attachment)', 'cable', 'upper arms'),
  ('cable palm rotational row', 'cable', 'back'),
  ('cable preacher curl', 'cable', 'upper arms'),
  ('cable press on exercise ball', 'cable', 'chest'),
  ('cable pull through (with rope)', 'cable', 'upper legs'),
  ('cable pulldown', 'cable', 'back'),
  ('cable pulldown (pro lat bar)', 'cable', 'back'),
  ('cable pulldown bicep curl', 'cable', 'upper arms'),
  ('cable pushdown', 'cable', 'upper arms'),
  ('cable pushdown (straight arm) v. 2', 'cable', 'back'),
  ('cable pushdown (with rope attachment)', 'cable', 'upper arms'),
  ('cable rear delt row (stirrups)', 'cable', 'shoulders'),
  ('cable rear delt row (with rope)', 'cable', 'shoulders'),
  ('cable rear drive', 'cable', 'upper arms'),
  ('cable rear pulldown', 'cable', 'back'),
  ('cable reverse crunch', 'cable', 'waist'),
  ('cable reverse curl', 'cable', 'upper arms'),
  ('cable reverse grip triceps pushdown (sz-bar) (with arm blaster)', 'cable', 'upper arms'),
  ('cable reverse one arm curl', 'cable', 'upper arms'),
  ('cable reverse preacher curl', 'cable', 'upper arms'),
  ('cable reverse wrist curl', 'cable', 'lower arms'),
  ('cable reverse-grip pushdown', 'cable', 'upper arms'),
  ('cable reverse-grip straight back seated high row', 'cable', 'back'),
  ('cable rope crossover seated row', 'cable', 'back'),
  ('cable rope elevated seated row', 'cable', 'back'),
  ('cable rope extension incline bench row', 'cable', 'back'),
  ('cable rope hammer preacher curl', 'cable', 'upper arms'),
  ('cable rope high pulley overhead tricep extension', 'cable', 'upper arms'),
  ('cable rope incline tricep extension', 'cable', 'upper arms'),
  ('cable rope lying on floor tricep extension', 'cable', 'upper arms'),
  ('cable rope one arm hammer preacher curl', 'cable', 'upper arms'),
  ('cable rope seated row', 'cable', 'back'),
  ('cable russian twists (on stability ball)', 'cable', 'waist'),
  ('cable seated chest press', 'cable', 'chest'),
  ('cable seated crunch', 'cable', 'waist'),
  ('cable seated curl', 'cable', 'upper arms'),
  ('cable seated high row (v-bar)', 'cable', 'back'),
  ('cable seated one arm alternate row', 'cable', 'back'),
  ('cable seated one arm concentration curl', 'cable', 'upper arms'),
  ('cable seated overhead curl', 'cable', 'upper arms'),
  ('cable seated rear lateral raise', 'cable', 'shoulders'),
  ('cable seated row', 'cable', 'back'),
  ('cable seated shoulder internal rotation', 'cable', 'shoulders'),
  ('cable seated twist', 'cable', 'waist'),
  ('cable seated wide-grip row', 'cable', 'back'),
  ('cable shoulder press', 'cable', 'shoulders'),
  ('cable shrug', 'cable', 'back'),
  ('cable side bend', 'cable', 'waist'),
  ('cable side bend crunch (bosu ball)', 'cable', 'waist'),
  ('cable side crunch', 'cable', 'waist'),
  ('cable squat row (with rope attachment)', 'cable', 'back'),
  ('cable squatting curl', 'cable', 'upper arms'),
  ('cable standing back wrist curl', 'cable', 'lower arms'),
  ('cable standing calf raise', 'cable', 'lower legs'),
  ('cable standing cross-over high reverse fly', 'cable', 'shoulders'),
  ('cable standing crunch', 'cable', 'waist'),
  ('cable standing crunch (with rope attachment)', 'cable', 'waist'),
  ('cable standing fly', 'cable', 'chest'),
  ('cable standing hip extension', 'cable', 'upper legs'),
  ('cable standing inner curl', 'cable', 'upper arms'),
  ('cable standing lift', 'cable', 'waist'),
  ('cable standing one arm triceps extension', 'cable', 'upper arms'),
  ('cable standing one leg calf raise', 'cable', 'lower legs'),
  ('cable standing pulldown (with rope)', 'cable', 'upper arms'),
  ('cable standing rear delt row (with rope)', 'cable', 'shoulders'),
  ('cable standing reverse grip one arm overhead tricep extension', 'cable', 'upper arms'),
  ('cable standing row (v-bar)', 'cable', 'back'),
  ('cable standing shoulder external rotation', 'cable', 'shoulders'),
  ('cable standing twist row (v-bar)', 'cable', 'back'),
  ('cable standing up straight crossovers', 'cable', 'chest'),
  ('cable straight arm pulldown', 'cable', 'back'),
  ('cable straight arm pulldown (with rope)', 'cable', 'back'),
  ('cable straight back seated row', 'cable', 'back'),
  ('cable supine reverse fly', 'cable', 'shoulders'),
  ('cable thibaudeau kayak row', 'cable', 'back'),
  ('cable triceps pushdown (v-bar)', 'cable', 'upper arms'),
  ('cable triceps pushdown (v-bar) (with arm blaster)', 'cable', 'upper arms'),
  ('cable tuck reverse crunch', 'cable', 'waist'),
  ('cable twist', 'cable', 'waist'),
  ('cable twist (up-down)', 'cable', 'waist'),
  ('cable twisting pull', 'cable', 'back'),
  ('cable two arm curl on incline bench', 'cable', 'upper arms'),
  ('cable two arm tricep kickback', 'cable', 'upper arms'),
  ('cable underhand pulldown', 'cable', 'back'),
  ('cable upper chest crossovers', 'cable', 'chest'),
  ('cable upper row', 'cable', 'back'),
  ('cable upright row', 'cable', 'shoulders'),
  ('cable wide grip rear pulldown behind neck', 'cable', 'back'),
  ('cable wrist curl', 'cable', 'lower arms'),
  ('calf push stretch with hands against wall', 'body weight', 'lower legs'),
  ('calf stretch with hands against wall', 'body weight', 'lower legs'),
  ('calf stretch with rope', 'rope', 'lower legs'),
  ('cambered bar lying row', 'barbell', 'back'),
  ('captains chair straight leg raise', 'body weight', 'waist'),
  ('chair leg extended stretch', 'body weight', 'upper legs'),
  ('chest and front of shoulder stretch', 'body weight', 'chest'),
  ('chest dip', 'body weight', 'chest'),
  ('chest dip (on dip-pull-up cage)', 'body weight', 'chest'),
  ('chest dip on straight bar', 'body weight', 'chest'),
  ('chest stretch with exercise ball', 'stability ball', 'chest'),
  ('chest tap push-up (male)', 'body weight', 'chest'),
  ('chin-up', 'body weight', 'back'),
  ('chin-ups (narrow parallel grip)', 'body weight', 'back'),
  ('circles knee stretch', 'body weight', 'lower legs'),
  ('clap push up', 'body weight', 'chest'),
  ('clock push-up', 'body weight', 'chest'),
  ('close grip chin-up', 'body weight', 'back'),
  ('close-grip push-up', 'body weight', 'upper arms'),
  ('close-grip push-up (on knees)', 'body weight', 'upper arms'),
  ('cocoons', 'body weight', 'waist'),
  ('crab twist toe touch', 'body weight', 'waist'),
  ('cross body crunch', 'body weight', 'waist'),
  ('crunch (hands overhead)', 'body weight', 'waist'),
  ('crunch (on stability ball)', 'stability ball', 'waist'),
  ('crunch (on stability ball, arms straight)', 'stability ball', 'waist'),
  ('crunch floor', 'body weight', 'waist'),
  ('curl-up', 'body weight', 'waist'),
  ('curtsey squat', 'body weight', 'upper legs'),
  ('cycle cross trainer', 'leverage machine', 'cardio'),
  ('dead bug', 'body weight', 'waist'),
  ('decline crunch', 'body weight', 'waist'),
  ('decline push-up', 'body weight', 'chest'),
  ('decline sit-up', 'body weight', 'waist'),
  ('deep push up', 'dumbbell', 'chest'),
  ('diamond push-up', 'body weight', 'upper arms'),
  ('donkey calf raise', 'body weight', 'lower legs'),
  ('drop push up', 'body weight', 'chest'),
  ('dumbbell alternate biceps curl', 'dumbbell', 'upper arms'),
  ('dumbbell alternate biceps curl (with arm blaster)', 'dumbbell', 'upper arms'),
  ('dumbbell alternate hammer preacher curl', 'dumbbell', 'upper arms'),
  ('dumbbell alternate preacher curl', 'dumbbell', 'upper arms'),
  ('dumbbell alternate seated hammer curl', 'dumbbell', 'upper arms'),
  ('dumbbell alternate side press', 'dumbbell', 'shoulders'),
  ('dumbbell alternating bicep curl with leg raised on exercise ball', 'dumbbell', 'upper arms'),
  ('dumbbell alternating seated bicep curl on exercise ball', 'dumbbell', 'upper arms'),
  ('dumbbell arnold press', 'dumbbell', 'shoulders'),
  ('dumbbell arnold press v. 2', 'dumbbell', 'shoulders'),
  ('dumbbell around pullover', 'dumbbell', 'chest'),
  ('dumbbell bench press', 'dumbbell', 'chest'),
  ('dumbbell bench seated press', 'dumbbell', 'shoulders'),
  ('dumbbell bench squat', 'dumbbell', 'upper legs'),
  ('dumbbell bent over row', 'dumbbell', 'back'),
  ('dumbbell bicep curl lunge with bowling motion', 'dumbbell', 'upper arms'),
  ('dumbbell bicep curl on exercise ball with leg raised', 'dumbbell', 'upper arms'),
  ('dumbbell bicep curl with stork stance', 'dumbbell', 'upper arms'),
  ('dumbbell biceps curl', 'dumbbell', 'upper arms'),
  ('dumbbell biceps curl (with arm blaster)', 'dumbbell', 'upper arms'),
  ('dumbbell biceps curl reverse', 'dumbbell', 'upper arms'),
  ('dumbbell biceps curl squat', 'dumbbell', 'upper arms'),
  ('dumbbell biceps curl v sit on bosu ball', 'dumbbell', 'upper arms'),
  ('dumbbell burpee', 'dumbbell', 'cardio'),
  ('dumbbell clean', 'dumbbell', 'upper legs'),
  ('dumbbell close grip press', 'dumbbell', 'upper arms'),
  ('dumbbell close-grip press', 'dumbbell', 'upper arms'),
  ('dumbbell concentration curl', 'dumbbell', 'upper arms'),
  ('dumbbell contralateral forward lunge', 'dumbbell', 'upper legs'),
  ('dumbbell cross body hammer curl', 'dumbbell', 'upper arms'),
  ('dumbbell cross body hammer curl v. 2', 'dumbbell', 'upper arms'),
  ('dumbbell cuban press', 'dumbbell', 'shoulders'),
  ('dumbbell cuban press v. 2', 'dumbbell', 'shoulders'),
  ('dumbbell deadlift', 'dumbbell', 'upper legs'),
  ('dumbbell decline bench press', 'dumbbell', 'chest'),
  ('dumbbell decline fly', 'dumbbell', 'chest'),
  ('dumbbell decline hammer press', 'dumbbell', 'chest'),
  ('dumbbell decline one arm fly', 'dumbbell', 'chest'),
  ('dumbbell decline one arm hammer press', 'dumbbell', 'upper arms'),
  ('dumbbell decline shrug', 'dumbbell', 'back'),
  ('dumbbell decline shrug v. 2', 'dumbbell', 'back'),
  ('dumbbell decline triceps extension', 'dumbbell', 'upper arms'),
  ('dumbbell decline twist fly', 'dumbbell', 'chest'),
  ('dumbbell finger curls', 'dumbbell', 'lower arms'),
  ('dumbbell fly', 'dumbbell', 'chest'),
  ('dumbbell fly on exercise ball', 'dumbbell', 'chest'),
  ('dumbbell forward lunge triceps extension', 'dumbbell', 'upper arms'),
  ('dumbbell front raise', 'dumbbell', 'shoulders'),
  ('dumbbell front raise v. 2', 'dumbbell', 'shoulders'),
  ('dumbbell full can lateral raise', 'dumbbell', 'shoulders'),
  ('dumbbell goblet squat', 'dumbbell', 'upper legs'),
  ('dumbbell hammer curl', 'dumbbell', 'upper arms'),
  ('dumbbell hammer curl on exercise ball', 'dumbbell', 'upper arms'),
  ('dumbbell hammer curl v. 2', 'dumbbell', 'upper arms'),
  ('dumbbell hammer curls (with arm blaster)', 'dumbbell', 'upper arms'),
  ('dumbbell high curl', 'dumbbell', 'upper arms'),
  ('dumbbell incline alternate press', 'dumbbell', 'chest'),
  ('dumbbell incline bench press', 'dumbbell', 'chest'),
  ('dumbbell incline biceps curl', 'dumbbell', 'upper arms'),
  ('dumbbell incline breeding', 'dumbbell', 'chest'),
  ('dumbbell incline curl', 'dumbbell', 'upper arms'),
  ('dumbbell incline curl v. 2', 'dumbbell', 'upper arms'),
  ('dumbbell incline fly', 'dumbbell', 'chest'),
  ('dumbbell incline fly on exercise ball', 'dumbbell', 'chest'),
  ('dumbbell incline hammer curl', 'dumbbell', 'upper arms'),
  ('dumbbell incline hammer press', 'dumbbell', 'chest'),
  ('dumbbell incline hammer press on exercise ball', 'dumbbell', 'upper arms'),
  ('dumbbell incline inner biceps curl', 'dumbbell', 'upper arms'),
  ('dumbbell incline one arm fly', 'dumbbell', 'chest'),
  ('dumbbell incline one arm fly on exercise ball', 'dumbbell', 'chest'),
  ('dumbbell incline one arm hammer press', 'dumbbell', 'upper arms'),
  ('dumbbell incline one arm hammer press on exercise ball', 'dumbbell', 'upper arms'),
  ('dumbbell incline one arm lateral raise', 'dumbbell', 'shoulders'),
  ('dumbbell incline one arm press', 'dumbbell', 'chest'),
  ('dumbbell incline one arm press on exercise ball', 'dumbbell', 'chest'),
  ('dumbbell incline palm-in press', 'dumbbell', 'chest'),
  ('dumbbell incline press on exercise ball', 'dumbbell', 'chest'),
  ('dumbbell incline raise', 'dumbbell', 'shoulders'),
  ('dumbbell incline rear lateral raise', 'dumbbell', 'shoulders'),
  ('dumbbell incline row', 'dumbbell', 'back'),
  ('dumbbell incline shoulder raise', 'dumbbell', 'chest'),
  ('dumbbell incline shrug', 'dumbbell', 'back'),
  ('dumbbell incline t-raise', 'dumbbell', 'shoulders'),
  ('dumbbell incline triceps extension', 'dumbbell', 'upper arms'),
  ('dumbbell incline twisted flyes', 'dumbbell', 'chest'),
  ('dumbbell incline two arm extension', 'dumbbell', 'upper arms'),
  ('dumbbell incline y-raise', 'dumbbell', 'back'),
  ('dumbbell iron cross', 'dumbbell', 'shoulders'),
  ('dumbbell kickback', 'dumbbell', 'upper arms'),
  ('dumbbell kickbacks on exercise ball', 'dumbbell', 'upper arms'),
  ('dumbbell kneeling bicep curl exercise ball', 'dumbbell', 'upper arms'),
  ('dumbbell lateral raise', 'dumbbell', 'shoulders'),
  ('dumbbell lateral to front raise', 'dumbbell', 'shoulders'),
  ('dumbbell lunge', 'dumbbell', 'upper legs'),
  ('dumbbell lunge with bicep curl', 'dumbbell', 'upper arms'),
  ('dumbbell lying extension (across face)', 'dumbbell', 'upper arms'),
  ('dumbbell lying alternate extension', 'dumbbell', 'upper arms'),
  ('dumbbell lying elbow press', 'dumbbell', 'upper arms'),
  ('dumbbell lying external shoulder rotation', 'dumbbell', 'shoulders'),
  ('dumbbell lying femoral', 'dumbbell', 'upper legs'),
  ('dumbbell lying hammer press', 'dumbbell', 'chest'),
  ('dumbbell lying on floor rear delt raise', 'dumbbell', 'shoulders'),
  ('dumbbell lying one arm deltoid rear', 'dumbbell', 'shoulders'),
  ('dumbbell lying one arm press', 'dumbbell', 'chest'),
  ('dumbbell lying one arm press v. 2', 'dumbbell', 'chest'),
  ('dumbbell lying one arm pronated triceps extension', 'dumbbell', 'upper arms'),
  ('dumbbell lying one arm rear lateral raise', 'dumbbell', 'shoulders'),
  ('dumbbell lying one arm supinated triceps extension', 'dumbbell', 'upper arms'),
  ('dumbbell lying pronation', 'dumbbell', 'lower arms'),
  ('dumbbell lying pronation on floor', 'dumbbell', 'lower arms'),
  ('dumbbell lying pullover on exercise ball', 'dumbbell', 'chest'),
  ('dumbbell lying rear delt row', 'dumbbell', 'back'),
  ('dumbbell lying rear lateral raise', 'dumbbell', 'shoulders'),
  ('dumbbell lying single extension', 'dumbbell', 'upper arms'),
  ('dumbbell lying supination', 'dumbbell', 'lower arms'),
  ('dumbbell lying supination on floor', 'dumbbell', 'lower arms'),
  ('dumbbell lying supine biceps curl', 'dumbbell', 'upper arms'),
  ('dumbbell lying supine curl', 'dumbbell', 'upper arms'),
  ('dumbbell lying triceps extension', 'dumbbell', 'upper arms'),
  ('dumbbell lying wide curl', 'dumbbell', 'upper arms'),
  ('dumbbell neutral grip bench press', 'dumbbell', 'upper arms'),
  ('dumbbell one arm bench fly', 'dumbbell', 'chest'),
  ('dumbbell one arm bent-over row', 'dumbbell', 'back'),
  ('dumbbell one arm chest fly on exercise ball', 'dumbbell', 'chest'),
  ('dumbbell one arm concentration curl (on stability ball)', 'dumbbell', 'upper arms'),
  ('dumbbell one arm decline chest press', 'dumbbell', 'chest'),
  ('dumbbell one arm fly on exercise ball', 'dumbbell', 'chest'),
  ('dumbbell one arm french press on exercise ball', 'dumbbell', 'upper arms'),
  ('dumbbell one arm hammer preacher curl', 'dumbbell', 'upper arms'),
  ('dumbbell one arm hammer press on exercise ball', 'dumbbell', 'upper arms'),
  ('dumbbell one arm incline chest press', 'dumbbell', 'chest'),
  ('dumbbell one arm kickback', 'dumbbell', 'upper arms'),
  ('dumbbell one arm lateral raise', 'dumbbell', 'shoulders'),
  ('dumbbell one arm lateral raise with support', 'dumbbell', 'shoulders'),
  ('dumbbell one arm press on exercise ball', 'dumbbell', 'chest'),
  ('dumbbell one arm prone curl', 'dumbbell', 'upper arms'),
  ('dumbbell one arm prone hammer curl', 'dumbbell', 'upper arms'),
  ('dumbbell one arm pullover on exercise ball', 'dumbbell', 'chest'),
  ('dumbbell one arm reverse wrist curl', 'dumbbell', 'lower arms'),
  ('dumbbell one arm reverse fly (with support)', 'dumbbell', 'shoulders'),
  ('dumbbell one arm reverse grip press', 'dumbbell', 'chest'),
  ('dumbbell one arm reverse preacher curl', 'dumbbell', 'upper arms'),
  ('dumbbell one arm reverse spider curl', 'dumbbell', 'upper arms'),
  ('dumbbell one arm seated bicep curl on exercise ball', 'dumbbell', 'upper arms'),
  ('dumbbell one arm seated hammer curl', 'dumbbell', 'upper arms'),
  ('dumbbell one arm seated neutral wrist curl', 'dumbbell', 'lower arms'),
  ('dumbbell one arm shoulder press', 'dumbbell', 'shoulders'),
  ('dumbbell one arm shoulder press v. 2', 'dumbbell', 'shoulders'),
  ('dumbbell one arm snatch', 'dumbbell', 'upper legs'),
  ('dumbbell one arm standing curl', 'dumbbell', 'upper arms'),
  ('dumbbell one arm standing hammer curl', 'dumbbell', 'upper arms'),
  ('dumbbell one arm triceps extension (on bench)', 'dumbbell', 'upper arms'),
  ('dumbbell one arm upright row', 'dumbbell', 'shoulders'),
  ('dumbbell one arm wrist curl', 'dumbbell', 'lower arms'),
  ('dumbbell one arm zottman preacher curl', 'dumbbell', 'upper arms'),
  ('dumbbell one leg fly on exercise ball', 'dumbbell', 'chest'),
  ('dumbbell over bench neutral wrist curl', 'dumbbell', 'upper arms'),
  ('dumbbell over bench one arm neutral wrist curl', 'dumbbell', 'upper arms'),
  ('dumbbell over bench one arm reverse wrist curl', 'dumbbell', 'lower arms'),
  ('dumbbell over bench one arm wrist curl', 'dumbbell', 'lower arms'),
  ('dumbbell over bench revers wrist curl', 'dumbbell', 'lower arms'),
  ('dumbbell over bench wrist curl', 'dumbbell', 'lower arms'),
  ('dumbbell palm rotational bent over row', 'dumbbell', 'back'),
  ('dumbbell palms in incline bench press', 'dumbbell', 'upper arms'),
  ('dumbbell peacher hammer curl', 'dumbbell', 'upper arms'),
  ('dumbbell plyo squat', 'dumbbell', 'upper legs'),
  ('dumbbell preacher curl', 'dumbbell', 'upper arms'),
  ('dumbbell preacher curl over exercise ball', 'dumbbell', 'upper arms'),
  ('dumbbell press on exercise ball', 'dumbbell', 'chest'),
  ('dumbbell pronate-grip triceps extension', 'dumbbell', 'upper arms'),
  ('dumbbell prone incline curl', 'dumbbell', 'upper arms'),
  ('dumbbell prone incline hammer curl', 'dumbbell', 'upper arms'),
  ('dumbbell pullover', 'dumbbell', 'chest'),
  ('dumbbell pullover hip extension on exercise ball', 'dumbbell', 'chest'),
  ('dumbbell pullover on exercise ball', 'dumbbell', 'chest'),
  ('dumbbell push press', 'dumbbell', 'shoulders'),
  ('dumbbell raise', 'dumbbell', 'shoulders'),
  ('dumbbell rear delt raise', 'dumbbell', 'shoulders'),
  ('dumbbell rear delt row_shoulder', 'dumbbell', 'shoulders'),
  ('dumbbell rear fly', 'dumbbell', 'shoulders'),
  ('dumbbell rear lateral raise', 'dumbbell', 'shoulders'),
  ('dumbbell rear lateral raise (support head)', 'dumbbell', 'shoulders'),
  ('dumbbell rear lunge', 'dumbbell', 'upper legs'),
  ('dumbbell revers grip biceps curl', 'dumbbell', 'upper arms'),
  ('dumbbell reverse bench press', 'dumbbell', 'chest'),
  ('dumbbell reverse fly', 'dumbbell', 'shoulders'),
  ('dumbbell reverse grip incline bench one arm row', 'dumbbell', 'back'),
  ('dumbbell reverse grip incline bench two arm row', 'dumbbell', 'back'),
  ('dumbbell reverse grip row (female)', 'dumbbell', 'back'),
  ('dumbbell reverse preacher curl', 'dumbbell', 'upper arms'),
  ('dumbbell reverse spider curl', 'dumbbell', 'upper arms'),
  ('dumbbell reverse wrist curl', 'dumbbell', 'lower arms'),
  ('dumbbell romanian deadlift', 'dumbbell', 'upper legs'),
  ('dumbbell rotation reverse fly', 'dumbbell', 'shoulders'),
  ('dumbbell scott press', 'dumbbell', 'shoulders'),
  ('dumbbell seated alternate front raise', 'dumbbell', 'shoulders'),
  ('dumbbell seated alternate hammer curl on exercise ball', 'dumbbell', 'upper arms'),
  ('dumbbell seated alternate press', 'dumbbell', 'shoulders'),
  ('dumbbell seated alternate shoulder', 'dumbbell', 'shoulders'),
  ('dumbbell seated bench extension', 'dumbbell', 'upper arms'),
  ('dumbbell seated bent arm lateral raise', 'dumbbell', 'shoulders'),
  ('dumbbell seated bent over alternate kickback', 'dumbbell', 'upper arms'),
  ('dumbbell seated bent over triceps extension', 'dumbbell', 'upper arms'),
  ('dumbbell seated bicep curl', 'dumbbell', 'upper arms'),
  ('dumbbell seated biceps curl (on stability ball)', 'dumbbell', 'upper arms'),
  ('dumbbell seated biceps curl to shoulder press', 'dumbbell', 'upper arms'),
  ('dumbbell seated calf raise', 'dumbbell', 'lower legs'),
  ('dumbbell seated curl', 'dumbbell', 'upper arms'),
  ('dumbbell seated front raise', 'dumbbell', 'shoulders'),
  ('dumbbell seated hammer curl', 'dumbbell', 'upper arms'),
  ('dumbbell seated inner biceps curl', 'dumbbell', 'upper arms'),
  ('dumbbell seated kickback', 'dumbbell', 'upper arms'),
  ('dumbbell seated lateral raise', 'dumbbell', 'shoulders'),
  ('dumbbell seated lateral raise v. 2', 'dumbbell', 'shoulders'),
  ('dumbbell seated neutral wrist curl', 'dumbbell', 'upper arms'),
  ('dumbbell seated one arm bicep curl on exercise ball with leg raised', 'dumbbell', 'upper arms'),
  ('dumbbell seated one arm kickback', 'dumbbell', 'upper arms'),
  ('dumbbell seated one arm rotate', 'dumbbell', 'lower arms'),
  ('dumbbell seated one leg calf raise', 'dumbbell', 'lower legs'),
  ('dumbbell seated one leg calf raise - hammer grip', 'dumbbell', 'lower legs'),
  ('dumbbell seated one leg calf raise - palm up', 'dumbbell', 'lower legs'),
  ('dumbbell seated palms up wrist curl', 'dumbbell', 'lower arms'),
  ('dumbbell seated preacher curl', 'dumbbell', 'upper arms'),
  ('dumbbell seated revers grip concentration curl', 'dumbbell', 'upper arms'),
  ('dumbbell seated reverse grip one arm overhead tricep extension', 'dumbbell', 'upper arms'),
  ('dumbbell seated shoulder press', 'dumbbell', 'shoulders'),
  ('dumbbell seated shoulder press (parallel grip)', 'dumbbell', 'shoulders'),
  ('dumbbell seated triceps extension', 'dumbbell', 'upper arms'),
  ('dumbbell shrug', 'dumbbell', 'back'),
  ('dumbbell side bend', 'dumbbell', 'waist'),
  ('dumbbell side lying one hand raise', 'dumbbell', 'shoulders'),
  ('dumbbell side plank with rear fly', 'dumbbell', 'back'),
  ('dumbbell single arm overhead carry', 'dumbbell', 'shoulders'),
  ('dumbbell single leg calf raise', 'dumbbell', 'lower legs'),
  ('dumbbell single leg deadlift', 'dumbbell', 'upper legs'),
  ('dumbbell single leg deadlift with stepbox support', 'dumbbell', 'upper legs'),
  ('dumbbell single leg split squat', 'dumbbell', 'upper legs'),
  ('dumbbell single leg squat', 'dumbbell', 'upper legs'),
  ('dumbbell squat', 'dumbbell', 'upper legs'),
  ('dumbbell standing alternate hammer curl and press', 'dumbbell', 'upper arms'),
  ('dumbbell standing alternate overhead press', 'dumbbell', 'shoulders'),
  ('dumbbell standing alternate raise', 'dumbbell', 'shoulders'),
  ('dumbbell standing alternating tricep kickback', 'dumbbell', 'upper arms'),
  ('dumbbell standing around world', 'dumbbell', 'shoulders'),
  ('dumbbell standing bent over one arm triceps extension', 'dumbbell', 'upper arms'),
  ('dumbbell standing bent over two arm triceps extension', 'dumbbell', 'upper arms'),
  ('dumbbell standing biceps curl', 'dumbbell', 'upper arms'),
  ('dumbbell standing calf raise', 'dumbbell', 'lower legs'),
  ('dumbbell standing concentration curl', 'dumbbell', 'upper arms'),
  ('dumbbell standing front raise above head', 'dumbbell', 'shoulders'),
  ('dumbbell standing inner biceps curl v. 2', 'dumbbell', 'upper arms'),
  ('dumbbell standing kickback', 'dumbbell', 'upper arms'),
  ('dumbbell standing one arm concentration curl', 'dumbbell', 'upper arms'),
  ('dumbbell standing one arm curl (over incline bench)', 'dumbbell', 'upper arms'),
  ('dumbbell standing one arm curl over incline bench', 'dumbbell', 'upper arms'),
  ('dumbbell standing one arm extension', 'dumbbell', 'upper arms'),
  ('dumbbell standing one arm palm in press', 'dumbbell', 'shoulders'),
  ('dumbbell standing one arm reverse curl', 'dumbbell', 'upper arms'),
  ('dumbbell standing overhead press', 'dumbbell', 'shoulders'),
  ('dumbbell standing palms in press', 'dumbbell', 'shoulders'),
  ('dumbbell standing preacher curl', 'dumbbell', 'upper arms'),
  ('dumbbell standing reverse curl', 'dumbbell', 'upper arms'),
  ('dumbbell standing triceps extension', 'dumbbell', 'upper arms'),
  ('dumbbell standing zottman preacher curl', 'dumbbell', 'upper arms'),
  ('dumbbell step up single leg balance with bicep curl', 'dumbbell', 'upper arms'),
  ('dumbbell step-up', 'dumbbell', 'upper legs'),
  ('dumbbell step-up lunge', 'dumbbell', 'upper legs'),
  ('dumbbell step-up split squat', 'dumbbell', 'upper legs'),
  ('dumbbell stiff leg deadlift', 'dumbbell', 'upper legs'),
  ('dumbbell straight arm pullover', 'dumbbell', 'chest'),
  ('dumbbell straight leg deadlift', 'dumbbell', 'upper legs'),
  ('dumbbell sumo pull through', 'dumbbell', 'upper legs'),
  ('dumbbell supported squat', 'dumbbell', 'upper legs'),
  ('dumbbell tate press', 'dumbbell', 'upper arms'),
  ('dumbbell tricep kickback with stork stance', 'dumbbell', 'upper arms'),
  ('dumbbell twisting bench press', 'dumbbell', 'upper arms'),
  ('dumbbell upright row', 'dumbbell', 'shoulders'),
  ('dumbbell upright row (back pov)', 'dumbbell', 'shoulders'),
  ('dumbbell upright shoulder external rotation', 'dumbbell', 'shoulders'),
  ('dumbbell waiter biceps curl', 'dumbbell', 'upper arms'),
  ('dumbbell w-press', 'dumbbell', 'shoulders'),
  ('dumbbell zottman curl', 'dumbbell', 'upper arms'),
  ('dumbbell zottman preacher curl', 'dumbbell', 'upper arms'),
  ('dumbbells seated triceps extension', 'dumbbell', 'upper arms'),
  ('dynamic chest stretch (male)', 'body weight', 'chest'),
  ('elbow dips', 'body weight', 'upper arms'),
  ('elbow lift - reverse push-up', 'body weight', 'back'),
  ('elbow-to-knee', 'body weight', 'waist'),
  ('elevator', 'body weight', 'back'),
  ('exercise ball alternating arm ups', 'stability ball', 'back'),
  ('exercise ball back extension with arms extended', 'stability ball', 'back'),
  ('exercise ball back extension with hands behind head', 'stability ball', 'back'),
  ('exercise ball back extension with knees off ground', 'stability ball', 'back'),
  ('exercise ball back extension with rotation', 'stability ball', 'back'),
  ('exercise ball dip', 'stability ball', 'upper arms'),
  ('exercise ball hip flexor stretch', 'stability ball', 'upper legs'),
  ('exercise ball hug', 'stability ball', 'back'),
  ('exercise ball lat stretch', 'stability ball', 'back'),
  ('exercise ball lower back stretch (pyramid)', 'stability ball', 'back'),
  ('exercise ball lying side lat stretch', 'stability ball', 'back'),
  ('exercise ball on the wall calf raise', 'dumbbell', 'lower legs'),
  ('exercise ball on the wall calf raise (tennis ball between ankles)', 'dumbbell', 'lower legs'),
  ('exercise ball on the wall calf raise (tennis ball between knees)', 'dumbbell', 'lower legs'),
  ('exercise ball one leg prone lower body rotation', 'stability ball', 'upper legs'),
  ('exercise ball one legged diagonal kick hamstring curl', 'stability ball', 'upper legs'),
  ('exercise ball pike push up', 'stability ball', 'chest'),
  ('exercise ball prone leg raise', 'stability ball', 'back'),
  ('exercise ball seated hamstring stretch', 'stability ball', 'upper legs'),
  ('exercise ball seated triceps stretch', 'stability ball', 'upper arms'),
  ('exercise ball supine triceps extension', 'dumbbell', 'upper arms'),
  ('ez bar french press on exercise ball', 'ez barbell', 'upper arms'),
  ('ez bar lying bent arms pullover', 'ez barbell', 'back'),
  ('ez bar lying close grip triceps extension behind head', 'ez barbell', 'upper arms'),
  ('ez bar reverse grip bent over row', 'ez barbell', 'back'),
  ('ez bar seated close grip concentration curl', 'ez barbell', 'upper arms'),
  ('ez bar standing french press', 'ez barbell', 'upper arms'),
  ('ez barbell anti gravity press', 'ez barbell', 'shoulders'),
  ('ez barbell close grip preacher curl', 'ez barbell', 'upper arms'),
  ('ez barbell close-grip curl', 'ez barbell', 'upper arms'),
  ('ez barbell curl', 'ez barbell', 'upper arms'),
  ('ez barbell decline close grip face press', 'ez barbell', 'upper arms'),
  ('ez barbell decline triceps extension', 'ez barbell', 'upper arms'),
  ('ez barbell incline triceps extension', 'ez barbell', 'upper arms'),
  ('ez barbell jm bench press', 'ez barbell', 'upper arms'),
  ('ez barbell reverse grip curl', 'ez barbell', 'upper arms'),
  ('ez barbell reverse grip preacher curl', 'ez barbell', 'upper arms'),
  ('ez barbell seated curls', 'ez barbell', 'upper arms'),
  ('ez barbell seated triceps extension', 'ez barbell', 'upper arms'),
  ('ez barbell spider curl', 'ez barbell', 'upper arms'),
  ('ez barbell spider curl', 'ez barbell', 'upper arms'),
  ('ez-bar biceps curl (with arm blaster)', 'ez barbell', 'upper arms'),
  ('ez-bar close-grip bench press', 'ez barbell', 'upper arms'),
  ('ez-barbell standing wide grip biceps curl', 'ez barbell', 'upper arms'),
  ('farmers walk', 'dumbbell', 'upper legs'),
  ('finger curls', 'barbell', 'lower arms'),
  ('flag', 'body weight', 'waist'),
  ('flexion leg sit up (bent knee)', 'body weight', 'waist'),
  ('flexion leg sit up (straight arm)', 'body weight', 'waist'),
  ('floor fly (with barbell)', 'barbell', 'chest'),
  ('flutter kicks', 'body weight', 'upper legs'),
  ('forward jump', 'body weight', 'upper legs'),
  ('forward lunge (male)', 'body weight', 'upper legs'),
  ('frankenstein squat', 'barbell', 'upper legs'),
  ('frog crunch', 'body weight', 'waist'),
  ('frog planche', 'body weight', 'waist'),
  ('front lever', 'body weight', 'waist'),
  ('front lever reps', 'body weight', 'back'),
  ('front plank with twist', 'body weight', 'waist'),
  ('full maltese', 'body weight', 'waist'),
  ('full planche', 'body weight', 'waist'),
  ('full planche push-up', 'body weight', 'chest'),
  ('gironda sternum chin', 'body weight', 'back'),
  ('glute bridge march', 'body weight', 'upper legs'),
  ('glute bridge two legs on bench (male)', 'body weight', 'upper legs'),
  ('glute-ham raise', 'body weight', 'upper legs'),
  ('gorilla chin', 'body weight', 'waist'),
  ('groin crunch', 'body weight', 'waist'),
  ('hack calf raise', 'sled machine', 'lower legs'),
  ('hack one leg calf raise', 'sled machine', 'lower legs'),
  ('half knee bends (male)', 'body weight', 'cardio'),
  ('half sit-up (male)', 'body weight', 'waist'),
  ('hamstring stretch', 'body weight', 'upper legs'),
  ('hands bike', 'upper body ergometer', 'chest'),
  ('hands clasped circular toe touch (male)', 'body weight', 'upper legs'),
  ('hands reversed clasped circular toe touch (male)', 'body weight', 'upper legs'),
  ('handstand', 'body weight', 'upper arms'),
  ('handstand push-up', 'body weight', 'upper arms'),
  ('hanging leg hip raise', 'body weight', 'waist'),
  ('hanging leg raise', 'body weight', 'waist'),
  ('hanging oblique knee raise', 'body weight', 'waist'),
  ('hanging pike', 'body weight', 'waist'),
  ('hanging straight leg hip raise', 'body weight', 'waist'),
  ('hanging straight leg raise', 'body weight', 'waist'),
  ('hanging straight twisting leg hip raise', 'body weight', 'waist'),
  ('high knee against wall', 'body weight', 'cardio'),
  ('hip raise (bent knee)', 'body weight', 'waist'),
  ('hug keens to chest', 'body weight', 'upper legs'),
  ('hyght dumbbell fly', 'dumbbell', 'chest'),
  ('hyperextension', 'body weight', 'back'),
  ('hyperextension (on bench)', 'body weight', 'back'),
  ('impossible dips', 'body weight', 'upper arms'),
  ('inchworm', 'body weight', 'waist'),
  ('inchworm v. 2', 'body weight', 'waist'),
  ('incline close-grip push-up', 'body weight', 'upper arms'),
  ('incline leg hip raise (leg straight)', 'body weight', 'waist'),
  ('incline push up depth jump', 'body weight', 'chest'),
  ('incline push-up', 'body weight', 'chest'),
  ('incline push-up (on box)', 'body weight', 'chest'),
  ('incline reverse grip push-up', 'body weight', 'chest'),
  ('incline scapula push up', 'body weight', 'chest'),
  ('incline twisting sit-up', 'body weight', 'waist'),
  ('intermediate hip flexor and quad stretch', 'rope', 'upper legs'),
  ('inverse leg curl (bench support)', 'body weight', 'upper legs'),
  ('inverse leg curl (on pull-up cable machine)', 'body weight', 'upper legs'),
  ('inverted row', 'body weight', 'back'),
  ('inverted row bent knees', 'body weight', 'back'),
  ('inverted row on bench', 'body weight', 'back'),
  ('inverted row v. 2', 'body weight', 'back'),
  ('inverted row with straps', 'body weight', 'back'),
  ('iron cross stretch', 'body weight', 'upper legs'),
  ('isometric chest squeeze', 'body weight', 'chest'),
  ('isometric wipers', 'body weight', 'chest'),
  ('jack burpee', 'body weight', 'cardio'),
  ('jack jump (male)', 'body weight', 'cardio'),
  ('jackknife sit-up', 'body weight', 'waist'),
  ('janda sit-up', 'body weight', 'waist'),
  ('jump rope', 'rope', 'cardio'),
  ('jump squat', 'body weight', 'upper legs'),
  ('jump squat v. 2', 'body weight', 'upper legs'),
  ('kettlebell advanced windmill', 'kettlebell', 'waist'),
  ('kettlebell alternating hang clean', 'kettlebell', 'lower arms'),
  ('kettlebell alternating press', 'kettlebell', 'shoulders'),
  ('kettlebell alternating press on floor', 'kettlebell', 'chest'),
  ('kettlebell alternating renegade row', 'kettlebell', 'back'),
  ('kettlebell alternating row', 'kettlebell', 'back'),
  ('kettlebell arnold press', 'kettlebell', 'shoulders'),
  ('kettlebell bent press', 'kettlebell', 'waist'),
  ('kettlebell bottoms up clean from the hang position', 'kettlebell', 'upper arms'),
  ('kettlebell double alternating hang clean', 'kettlebell', 'upper arms'),
  ('kettlebell double jerk', 'kettlebell', 'shoulders'),
  ('kettlebell double push press', 'kettlebell', 'shoulders'),
  ('kettlebell double snatch', 'kettlebell', 'shoulders'),
  ('kettlebell double windmill', 'kettlebell', 'waist'),
  ('kettlebell extended range one arm press on floor', 'kettlebell', 'chest'),
  ('kettlebell figure 8', 'kettlebell', 'waist'),
  ('kettlebell front squat', 'kettlebell', 'upper legs'),
  ('kettlebell goblet squat', 'kettlebell', 'upper legs'),
  ('kettlebell hang clean', 'kettlebell', 'upper legs'),
  ('kettlebell lunge pass through', 'kettlebell', 'upper legs'),
  ('kettlebell one arm clean and jerk', 'kettlebell', 'shoulders'),
  ('kettlebell one arm floor press', 'kettlebell', 'chest'),
  ('kettlebell one arm jerk', 'kettlebell', 'shoulders'),
  ('kettlebell one arm military press to the side', 'kettlebell', 'shoulders'),
  ('kettlebell one arm push press', 'kettlebell', 'shoulders'),
  ('kettlebell one arm row', 'kettlebell', 'back'),
  ('kettlebell one arm snatch', 'kettlebell', 'shoulders'),
  ('kettlebell pirate supper legs', 'kettlebell', 'shoulders'),
  ('kettlebell pistol squat', 'kettlebell', 'upper legs'),
  ('kettlebell plyo push-up', 'kettlebell', 'chest'),
  ('kettlebell seated press', 'kettlebell', 'shoulders'),
  ('kettlebell seated two arm military press', 'kettlebell', 'shoulders'),
  ('kettlebell seesaw press', 'kettlebell', 'shoulders'),
  ('kettlebell sumo high pull', 'kettlebell', 'back'),
  ('kettlebell swing', 'kettlebell', 'upper legs'),
  ('kettlebell thruster', 'kettlebell', 'shoulders'),
  ('kettlebell turkish get up (squat style)', 'kettlebell', 'upper legs'),
  ('kettlebell two arm clean', 'kettlebell', 'shoulders'),
  ('kettlebell two arm military press', 'kettlebell', 'shoulders'),
  ('kettlebell two arm row', 'kettlebell', 'back'),
  ('kettlebell windmill', 'kettlebell', 'waist'),
  ('kick out sit', 'body weight', 'upper legs'),
  ('kipping muscle up', 'body weight', 'back'),
  ('knee touch crunch', 'body weight', 'waist'),
  ('kneeling jump squat', 'barbell', 'upper legs'),
  ('kneeling lat stretch', 'body weight', 'back'),
  ('kneeling plank tap shoulder (male)', 'body weight', 'waist'),
  ('kneeling push-up (male)', 'body weight', 'chest'),
  ('korean dips', 'body weight', 'chest'),
  ('l-pull-up', 'body weight', 'back'),
  ('l-sit on floor', 'body weight', 'waist'),
  ('landmine 180', 'barbell', 'waist'),
  ('landmine lateral raise', 'barbell', 'shoulders'),
  ('lean planche', 'body weight', 'waist'),
  ('left hook. boxing', 'body weight', 'shoulders'),
  ('leg pull in flat bench', 'body weight', 'waist'),
  ('leg up hamstring stretch', 'body weight', 'upper legs'),
  ('lever alternate leg press', 'leverage machine', 'upper legs'),
  ('lever alternating narrow grip seated row', 'leverage machine', 'back'),
  ('lever assisted chin-up', 'leverage machine', 'back'),
  ('lever back extension', 'leverage machine', 'back'),
  ('lever bent over row', 'barbell', 'back'),
  ('lever bent-over row with v-bar', 'leverage machine', 'back'),
  ('lever bicep curl', 'leverage machine', 'upper arms'),
  ('lever calf press', 'leverage machine', 'lower legs'),
  ('lever chest press', 'leverage machine', 'chest'),
  ('lever chest press', 'leverage machine', 'chest'),
  ('lever deadlift', 'leverage machine', 'upper legs'),
  ('lever decline chest press', 'leverage machine', 'chest'),
  ('lever donkey calf raise', 'leverage machine', 'lower legs'),
  ('lever front pulldown', 'leverage machine', 'back'),
  ('lever gripless shrug', 'leverage machine', 'back'),
  ('lever gripless shrug v. 2', 'leverage machine', 'back'),
  ('lever gripper hands', 'leverage machine', 'lower arms'),
  ('lever hammer grip preacher curl', 'leverage machine', 'upper arms'),
  ('lever high row', 'leverage machine', 'back'),
  ('lever hip extension v. 2', 'leverage machine', 'upper legs'),
  ('lever horizontal one leg press', 'leverage machine', 'upper legs'),
  ('lever incline chest press', 'leverage machine', 'chest'),
  ('lever incline chest press v. 2', 'leverage machine', 'chest'),
  ('lever kneeling leg curl', 'leverage machine', 'upper legs'),
  ('lever kneeling twist', 'leverage machine', 'waist'),
  ('lever lateral raise', 'leverage machine', 'shoulders'),
  ('lever leg extension', 'leverage machine', 'upper legs'),
  ('lever lying leg curl', 'leverage machine', 'upper legs'),
  ('lever lying two-one leg curl', 'leverage machine', 'upper legs'),
  ('lever military press', 'leverage machine', 'shoulders'),
  ('lever narrow grip seated row', 'leverage machine', 'back'),
  ('lever one arm bent over row', 'barbell', 'back'),
  ('lever one arm lateral high row', 'leverage machine', 'back'),
  ('lever one arm lateral wide pulldown', 'leverage machine', 'back'),
  ('lever one arm shoulder press', 'leverage machine', 'shoulders'),
  ('lever overhand triceps dip', 'leverage machine', 'upper arms'),
  ('lever preacher curl', 'leverage machine', 'upper arms'),
  ('lever preacher curl v. 2', 'leverage machine', 'upper arms'),
  ('lever pullover', 'leverage machine', 'back'),
  ('lever reverse grip lateral pulldown', 'leverage machine', 'back'),
  ('lever reverse grip preacher curl', 'leverage machine', 'upper arms'),
  ('lever reverse grip vertical row', 'leverage machine', 'back'),
  ('lever reverse hyperextension', 'leverage machine', 'upper legs'),
  ('lever reverse t-bar row', 'leverage machine', 'back'),
  ('lever rotary calf', 'leverage machine', 'lower legs'),
  ('lever seated calf press', 'leverage machine', 'lower legs'),
  ('lever seated calf raise', 'leverage machine', 'lower legs'),
  ('lever seated crunch', 'leverage machine', 'waist'),
  ('lever seated crunch (chest pad)', 'leverage machine', 'waist'),
  ('lever seated crunch v. 2', 'leverage machine', 'waist'),
  ('lever seated dip', 'leverage machine', 'upper arms'),
  ('lever seated fly', 'leverage machine', 'chest'),
  ('lever seated good morning', 'leverage machine', 'upper legs'),
  ('lever seated hip abduction', 'leverage machine', 'upper legs'),
  ('lever seated hip adduction', 'leverage machine', 'upper legs'),
  ('lever seated leg curl', 'leverage machine', 'upper legs'),
  ('lever seated leg raise crunch', 'leverage machine', 'waist'),
  ('lever seated reverse fly', 'leverage machine', 'shoulders'),
  ('lever seated reverse fly (parallel grip)', 'leverage machine', 'shoulders'),
  ('lever seated row', 'leverage machine', 'back'),
  ('lever seated squat calf raise on leg press machine', 'leverage machine', 'lower legs'),
  ('lever shoulder press', 'leverage machine', 'shoulders'),
  ('lever shoulder press v. 2', 'leverage machine', 'shoulders'),
  ('lever shoulder press v. 3', 'leverage machine', 'shoulders'),
  ('lever shrug', 'leverage machine', 'back'),
  ('lever standing calf raise', 'leverage machine', 'lower legs'),
  ('lever standing chest press', 'leverage machine', 'chest'),
  ('lever t bar row', 'leverage machine', 'back'),
  ('lever t-bar reverse grip row', 'leverage machine', 'back'),
  ('lever triceps extension', 'leverage machine', 'upper arms'),
  ('lever unilateral row', 'leverage machine', 'back'),
  ('london bridge', 'rope', 'back'),
  ('low glute bridge on floor', 'body weight', 'upper legs'),
  ('lower back curl', 'body weight', 'back'),
  ('lunge with jump', 'body weight', 'upper legs'),
  ('lunge with twist', 'body weight', 'waist'),
  ('lying (side) quads stretch', 'body weight', 'upper legs'),
  ('lying elbow to knee', 'body weight', 'waist'),
  ('lying leg raise flat bench', 'body weight', 'waist'),
  ('lying leg-hip raise', 'body weight', 'waist'),
  ('machine inner chest press', 'leverage machine', 'chest'),
  ('march sit (wall)', 'body weight', 'upper legs'),
  ('medicine ball catch and overhead throw', 'medicine ball', 'back'),
  ('medicine ball chest pass', 'medicine ball', 'chest'),
  ('medicine ball chest push from 3 point stance', 'medicine ball', 'chest'),
  ('medicine ball chest push multiple response', 'medicine ball', 'chest'),
  ('medicine ball chest push single response', 'medicine ball', 'chest'),
  ('medicine ball chest push with run release', 'medicine ball', 'chest'),
  ('medicine ball close grip push up', 'medicine ball', 'upper arms'),
  ('medicine ball overhead slam', 'medicine ball', 'back'),
  ('medicine ball supine chest throw', 'medicine ball', 'upper arms'),
  ('mixed grip chin-up', 'body weight', 'back'),
  ('modified hindu push-up (male)', 'body weight', 'chest'),
  ('modified push up to lower arms', 'body weight', 'lower arms'),
  ('monster walk', 'body weight', 'upper legs'),
  ('mountain climber', 'body weight', 'cardio'),
  ('muscle up', 'body weight', 'back'),
  ('muscle-up (on vertical bar)', 'body weight', 'back'),
  ('narrow push-up on exercise ball', 'stability ball', 'upper arms'),
  ('neck side stretch', 'body weight', 'neck'),
  ('negative crunch', 'body weight', 'waist'),
  ('oblique crunch v. 2', 'body weight', 'waist'),
  ('oblique crunches floor', 'body weight', 'waist'),
  ('olympic barbell hammer curl', 'olympic barbell', 'upper arms'),
  ('olympic barbell triceps extension', 'olympic barbell', 'upper arms'),
  ('one arm against wall', 'body weight', 'back'),
  ('one arm chin-up', 'body weight', 'back'),
  ('one arm dip', 'body weight', 'upper arms'),
  ('one arm slam (with medicine ball)', 'medicine ball', 'waist'),
  ('one arm towel row', 'body weight', 'back'),
  ('one leg donkey calf raise', 'body weight', 'lower legs'),
  ('one leg floor calf raise', 'body weight', 'lower legs'),
  ('one leg squat', 'body weight', 'upper legs'),
  ('otis up', 'weighted', 'waist'),
  ('outside leg kick push-up', 'body weight', 'upper legs'),
  ('overhead triceps stretch', 'body weight', 'upper arms'),
  ('pelvic tilt', 'body weight', 'waist'),
  ('pelvic tilt into bridge', 'body weight', 'upper legs'),
  ('peroneals stretch', 'rope', 'lower legs'),
  ('pike-to-cobra push-up', 'body weight', 'upper legs'),
  ('plyo push up', 'body weight', 'chest'),
  ('posterior step to overhead reach', 'body weight', 'waist'),
  ('posterior tibialis stretch', 'rope', 'lower legs'),
  ('potty squat', 'body weight', 'waist'),
  ('potty squat with support', 'body weight', 'upper legs'),
  ('power clean', 'barbell', 'upper legs'),
  ('power point plank', 'body weight', 'waist'),
  ('prisoner half sit-up (male)', 'body weight', 'waist'),
  ('prone twist on stability ball', 'stability ball', 'waist'),
  ('pull up (neutral grip)', 'body weight', 'back'),
  ('pull-in (on stability ball)', 'stability ball', 'waist'),
  ('pull-up', 'body weight', 'back'),
  ('push and pull bodyweight', 'body weight', 'chest'),
  ('push to run', 'body weight', 'cardio'),
  ('push up on bosu ball', 'bosu ball', 'chest'),
  ('push-up', 'body weight', 'chest'),
  ('push-up (bosu ball)', 'bosu ball', 'chest'),
  ('push-up (on stability ball)', 'stability ball', 'chest'),
  ('push-up (on stability ball)', 'stability ball', 'chest'),
  ('push-up (wall)', 'body weight', 'chest'),
  ('push-up (wall) v. 2', 'body weight', 'chest'),
  ('push-up close-grip off dumbbell', 'dumbbell', 'upper arms'),
  ('push-up inside leg kick', 'body weight', 'upper legs'),
  ('push-up medicine ball', 'medicine ball', 'chest'),
  ('push-up on lower arms', 'body weight', 'upper arms'),
  ('push-up plus', 'body weight', 'chest'),
  ('push-up to side plank', 'body weight', 'waist'),
  ('quads', 'body weight', 'upper legs'),
  ('quarter sit-up', 'body weight', 'waist'),
  ('quick feet v. 2', 'body weight', 'upper legs'),
  ('raise single arm push-up', 'body weight', 'chest'),
  ('rear decline bridge', 'body weight', 'upper legs'),
  ('rear deltoid stretch', 'body weight', 'shoulders'),
  ('rear pull-up', 'body weight', 'back'),
  ('reclining big toe pose with rope', 'rope', 'upper legs'),
  ('resistance band hip thrusts on knees (female)', 'resistance band', 'upper legs'),
  ('resistance band leg extension', 'resistance band', 'upper legs'),
  ('resistance band seated biceps curl', 'resistance band', 'upper arms'),
  ('resistance band seated chest press', 'resistance band', 'chest'),
  ('resistance band seated hip abduction', 'resistance band', 'upper legs'),
  ('resistance band seated shoulder press', 'resistance band', 'shoulders'),
  ('resistance band seated straight back row', 'resistance band', 'back'),
  ('reverse crunch', 'body weight', 'waist'),
  ('reverse dip', 'body weight', 'upper arms'),
  ('reverse grip machine lat pulldown', 'leverage machine', 'back'),
  ('reverse grip pull-up', 'body weight', 'back'),
  ('reverse hyper extension (on stability ball)', 'stability ball', 'upper legs'),
  ('reverse hyper on flat bench', 'body weight', 'upper legs'),
  ('reverse plank with leg lift', 'body weight', 'waist'),
  ('ring dips', 'body weight', 'upper arms'),
  ('rocking frog stretch', 'body weight', 'upper legs'),
  ('rocky pull-up pulldown', 'body weight', 'back'),
  ('roller back stretch', 'roller', 'back'),
  ('roller body saw', 'roller', 'waist'),
  ('roller hip lat stretch', 'roller', 'upper legs'),
  ('roller hip stretch', 'roller', 'upper legs'),
  ('roller reverse crunch', 'roller', 'waist'),
  ('roller seated shoulder flexor depresor retractor', 'roller', 'chest'),
  ('roller seated single leg shoulder flexor depresor retractor', 'roller', 'chest'),
  ('roller side lat stretch', 'roller', 'back'),
  ('rope climb', 'rope', 'back'),
  ('run', 'body weight', 'cardio'),
  ('run (equipment)', 'body weight', 'cardio'),
  ('runners stretch', 'body weight', 'upper legs'),
  ('russian twist', 'body weight', 'waist'),
  ('scapula dips', 'body weight', 'back'),
  ('scapula push-up', 'body weight', 'chest'),
  ('scapular pull-up', 'body weight', 'back'),
  ('scissor jumps (male)', 'body weight', 'cardio'),
  ('seated calf stretch (male)', 'body weight', 'lower legs'),
  ('seated glute stretch', 'body weight', 'upper legs'),
  ('seated leg raise', 'body weight', 'waist'),
  ('seated lower back stretch', 'body weight', 'back'),
  ('seated piriformis stretch', 'body weight', 'upper legs'),
  ('seated side crunch (wall)', 'body weight', 'waist'),
  ('seated wide angle pose sequence', 'body weight', 'upper legs'),
  ('self assisted inverse leg curl', 'body weight', 'upper legs'),
  ('self assisted inverse leg curl', 'body weight', 'upper legs'),
  ('self assisted inverse leg curl (on floor)', 'body weight', 'upper legs'),
  ('semi squat jump (male)', 'body weight', 'cardio'),
  ('short stride run', 'body weight', 'cardio'),
  ('shoulder grip pull-up', 'body weight', 'back'),
  ('shoulder tap', 'body weight', 'waist'),
  ('shoulder tap push-up', 'body weight', 'chest'),
  ('side bridge hip abduction', 'body weight', 'upper legs'),
  ('side bridge v. 2', 'body weight', 'waist'),
  ('side hip (on parallel bars)', 'body weight', 'waist'),
  ('side hip abduction', 'body weight', 'upper legs'),
  ('side lying floor stretch', 'body weight', 'back'),
  ('side lying hip adduction (male)', 'body weight', 'upper legs'),
  ('side plank hip adduction', 'body weight', 'upper legs'),
  ('side push neck stretch', 'body weight', 'neck'),
  ('side push-up', 'body weight', 'upper arms'),
  ('side wrist pull stretch', 'body weight', 'lower arms'),
  ('side-to-side chin', 'body weight', 'back'),
  ('side-to-side toe touch (male)', 'body weight', 'waist'),
  ('single arm push-up', 'body weight', 'chest'),
  ('single leg bridge with outstretched leg', 'body weight', 'upper legs'),
  ('single leg calf raise (on a dumbbell)', 'dumbbell', 'lower legs'),
  ('single leg platform slide', 'body weight', 'upper legs'),
  ('single leg squat (pistol) male', 'body weight', 'upper legs'),
  ('sissy squat', 'body weight', 'upper legs'),
  ('sit-up v. 2', 'body weight', 'waist'),
  ('sit-up with arms on chest', 'body weight', 'waist'),
  ('skater hops', 'body weight', 'cardio'),
  ('ski ergometer', 'skierg machine', 'upper arms'),
  ('ski step', 'body weight', 'cardio'),
  ('skin the cat', 'body weight', 'back'),
  ('sled 45 degrees one leg press', 'sled machine', 'upper legs'),
  ('sled 45в° calf press', 'sled machine', 'lower legs'),
  ('sled 45в° leg press', 'sled machine', 'upper legs'),
  ('sled 45в° leg press (back pov)', 'sled machine', 'upper legs'),
  ('sled 45° leg press (side pov)', 'sled machine', 'upper legs'),
  ('sled 45в° leg wide press', 'sled machine', 'upper legs'),
  ('sled calf press on leg press', 'sled machine', 'lower legs'),
  ('sled closer hack squat', 'sled machine', 'upper legs'),
  ('sled forward angled calf raise', 'sled machine', 'lower legs'),
  ('sled hack squat', 'sled machine', 'upper legs'),
  ('sled lying calf press', 'sled machine', 'lower legs'),
  ('sled lying squat', 'sled machine', 'upper legs'),
  ('sled one leg calf press on leg press', 'sled machine', 'lower legs'),
  ('sledge hammer', 'hammer', 'waist'),
  ('smith back shrug', 'smith machine', 'back'),
  ('smith behind neck press', 'smith machine', 'shoulders'),
  ('smith bench press', 'smith machine', 'chest'),
  ('smith bent knee good morning', 'smith machine', 'upper legs'),
  ('smith bent over row', 'smith machine', 'back'),
  ('smith chair squat', 'smith machine', 'upper legs'),
  ('smith close-grip bench press', 'smith machine', 'upper arms'),
  ('smith deadlift', 'smith machine', 'upper legs'),
  ('smith decline bench press', 'smith machine', 'chest'),
  ('smith decline reverse-grip press', 'smith machine', 'chest'),
  ('smith front squat (clean grip)', 'smith machine', 'upper legs'),
  ('smith full squat', 'smith machine', 'upper legs'),
  ('smith hack squat', 'smith machine', 'upper legs'),
  ('smith hip raise', 'smith machine', 'waist'),
  ('smith incline bench press', 'smith machine', 'chest'),
  ('smith incline reverse-grip press', 'smith machine', 'chest'),
  ('smith incline shoulder raises', 'smith machine', 'chest'),
  ('smith leg press', 'smith machine', 'upper legs'),
  ('smith low bar squat', 'smith machine', 'upper legs'),
  ('smith machine bicep curl', 'smith machine', 'upper arms'),
  ('smith machine decline close grip bench press', 'smith machine', 'upper arms'),
  ('smith machine incline tricep extension', 'smith machine', 'upper arms'),
  ('smith machine reverse decline close grip bench press', 'smith machine', 'chest'),
  ('smith narrow row', 'smith machine', 'back'),
  ('smith one arm row', 'smith machine', 'back'),
  ('smith one leg floor calf raise', 'smith machine', 'lower legs'),
  ('smith rear delt row', 'smith machine', 'shoulders'),
  ('smith reverse calf raises', 'smith machine', 'lower legs'),
  ('smith reverse calf raises', 'smith machine', 'lower legs'),
  ('smith reverse grip bent over row', 'smith machine', 'back'),
  ('smith reverse-grip press', 'smith machine', 'chest'),
  ('smith seated one leg calf raise', 'smith machine', 'lower legs'),
  ('smith seated shoulder press', 'smith machine', 'shoulders'),
  ('smith seated wrist curl', 'smith machine', 'lower arms'),
  ('smith shoulder press', 'smith machine', 'shoulders'),
  ('smith shrug', 'smith machine', 'back'),
  ('smith single leg split squat', 'smith machine', 'upper legs'),
  ('smith sprint lunge', 'smith machine', 'upper legs'),
  ('smith squat', 'smith machine', 'upper legs'),
  ('smith standing back wrist curl', 'smith machine', 'lower arms'),
  ('smith standing behind head military press', 'smith machine', 'shoulders'),
  ('smith standing leg calf raise', 'smith machine', 'lower legs'),
  ('smith standing military press', 'smith machine', 'shoulders'),
  ('smith sumo squat', 'smith machine', 'upper legs'),
  ('smith toe raise', 'smith machine', 'lower legs'),
  ('smith upright row', 'smith machine', 'shoulders'),
  ('smith wide grip bench press', 'smith machine', 'chest'),
  ('smith wide grip decline bench press', 'smith machine', 'chest'),
  ('snatch pull', 'barbell', 'upper legs'),
  ('spell caster', 'dumbbell', 'waist'),
  ('sphinx', 'body weight', 'back'),
  ('spider crawl push up', 'body weight', 'upper legs'),
  ('spine stretch', 'body weight', 'back'),
  ('spine twist', 'body weight', 'waist'),
  ('split squats', 'body weight', 'upper legs'),
  ('squat jerk', 'barbell', 'upper legs'),
  ('squat on bosu ball', 'bosu ball', 'upper legs'),
  ('squat to overhead reach', 'body weight', 'upper legs'),
  ('squat to overhead reach with twist', 'body weight', 'upper legs'),
  ('stability ball crunch (full range hands behind head)', 'stability ball', 'waist'),
  ('stalder press', 'body weight', 'upper arms'),
  ('standing archer', 'body weight', 'back'),
  ('standing behind neck press', 'barbell', 'shoulders'),
  ('standing calf raise (on a staircase)', 'body weight', 'lower legs'),
  ('standing calves', 'body weight', 'lower legs'),
  ('standing calves calf stretch', 'body weight', 'lower legs'),
  ('standing hamstring and calf stretch with strap', 'rope', 'upper legs'),
  ('standing lateral stretch', 'body weight', 'back'),
  ('standing pelvic tilt', 'body weight', 'back'),
  ('standing single leg curl', 'body weight', 'upper legs'),
  ('standing wheel rollerout', 'wheel roller', 'waist'),
  ('star jump (male)', 'body weight', 'cardio'),
  ('stationary bike run v. 3', 'stationary bike', 'cardio'),
  ('stationary bike walk', 'leverage machine', 'cardio'),
  ('straddle maltese', 'body weight', 'waist'),
  ('straddle planche', 'body weight', 'waist'),
  ('straight leg outer hip abductor', 'body weight', 'upper legs'),
  ('superman push-up', 'body weight', 'chest'),
  ('suspended abdominal fallout', 'body weight', 'waist'),
  ('suspended push-up', 'body weight', 'chest'),
  ('suspended reverse crunch', 'body weight', 'waist'),
  ('suspended row', 'body weight', 'back'),
  ('suspended split squat', 'body weight', 'upper legs'),
  ('swimmer kicks v. 2 (male)', 'body weight', 'upper legs'),
  ('swing 360', 'body weight', 'cardio'),
  ('three bench dip', 'body weight', 'upper arms'),
  ('tire flip', 'tire', 'upper legs'),
  ('trap bar deadlift', 'trap bar', 'upper legs'),
  ('triceps dip', 'body weight', 'upper arms'),
  ('triceps dip (bench leg)', 'body weight', 'upper arms'),
  ('triceps dip (between benches)', 'body weight', 'upper arms'),
  ('triceps dips floor', 'body weight', 'upper arms'),
  ('triceps press', 'body weight', 'upper arms'),
  ('triceps stretch', 'body weight', 'upper arms'),
  ('tuck crunch', 'body weight', 'waist'),
  ('twin handle parallel grip lat pulldown', 'cable', 'back'),
  ('twist hip lift', 'body weight', 'upper legs'),
  ('twisted leg raise', 'body weight', 'waist'),
  ('twisted leg raise (female)', 'body weight', 'waist'),
  ('two toe touch (male)', 'body weight', 'back'),
  ('upper back stretch', 'body weight', 'back'),
  ('upward facing dog', 'body weight', 'back'),
  ('v-sit on floor', 'body weight', 'waist'),
  ('vertical leg raise (on parallel bars)', 'body weight', 'waist'),
  ('walk elliptical cross trainer', 'elliptical machine', 'cardio'),
  ('walking high knees lunge', 'body weight', 'cardio'),
  ('walking lunge', 'body weight', 'upper legs'),
  ('walking on incline treadmill', 'leverage machine', 'cardio'),
  ('walking on stepmill', 'stepmill machine', 'cardio'),
  ('weighted bench dip', 'weighted', 'upper arms'),
  ('weighted close grip chin-up on dip cage', 'weighted', 'back'),
  ('weighted cossack squats (male)', 'weighted', 'upper legs'),
  ('weighted crunch', 'weighted', 'waist'),
  ('weighted decline sit-up', 'weighted', 'waist'),
  ('weighted donkey calf raise', 'weighted', 'lower legs'),
  ('weighted drop push up', 'weighted', 'chest'),
  ('weighted front plank', 'weighted', 'waist'),
  ('weighted front raise', 'weighted', 'shoulders'),
  ('weighted hanging leg-hip raise', 'weighted', 'waist'),
  ('weighted hyperextension (on stability ball)', 'weighted', 'back'),
  ('weighted kneeling step with swing', 'weighted', 'shoulders'),
  ('weighted lunge with swing', 'weighted', 'upper legs'),
  ('weighted muscle up', 'weighted', 'back'),
  ('weighted muscle up (on bar)', 'weighted', 'back'),
  ('weighted one hand pull up', 'weighted', 'back'),
  ('weighted overhead crunch (on stability ball)', 'weighted', 'waist'),
  ('weighted pull-up', 'weighted', 'back'),
  ('weighted round arm', 'weighted', 'shoulders'),
  ('weighted russian twist', 'weighted', 'waist'),
  ('weighted russian twist (legs up)', 'weighted', 'waist'),
  ('weighted russian twist v. 2', 'weighted', 'waist'),
  ('weighted seated bicep curl (on stability ball)', 'medicine ball', 'upper arms'),
  ('weighted seated twist (on stability ball)', 'weighted', 'waist'),
  ('weighted side bend (on stability ball)', 'weighted', 'waist'),
  ('weighted sissy squat', 'weighted', 'upper legs'),
  ('weighted squat', 'weighted', 'upper legs'),
  ('weighted standing curl', 'weighted', 'upper arms'),
  ('weighted standing hand squeeze', 'weighted', 'lower arms'),
  ('weighted straight bar dip', 'weighted', 'chest'),
  ('weighted stretch lunge', 'weighted', 'upper legs'),
  ('weighted svend press', 'weighted', 'chest'),
  ('weighted three bench dips', 'weighted', 'upper arms'),
  ('weighted tricep dips', 'weighted', 'upper arms'),
  ('weighted triceps dip on high parallel bars', 'weighted', 'upper arms'),
  ('wheel rollerout', 'wheel roller', 'waist'),
  ('wheel run', 'body weight', 'cardio'),
  ('wide grip pull-up', 'body weight', 'back'),
  ('wide grip rear pull-up', 'body weight', 'back'),
  ('wide hand push up', 'body weight', 'chest'),
  ('wide-grip chest dip on high parallel bars', 'body weight', 'chest'),
  ('wind sprints', 'body weight', 'waist'),
  ('world greatest stretch', 'body weight', 'upper legs'),
  ('wrist circles', 'body weight', 'lower arms'),
  ('wrist rollerer', 'weighted', 'lower arms');

INSERT IGNORE INTO exercise (name, equipment_id, muscle_group_id)
SELECT
  raw.name,
  equipment.equipment_id,
  muscle_group.muscle_group_id
FROM raw_exercise_import AS raw
INNER JOIN equipment
  ON equipment.name = raw.equipment_name
INNER JOIN muscle_group
  ON muscle_group.name = raw.muscle_group_name;

DROP TEMPORARY TABLE raw_exercise_import;

COMMIT;
